feature,importance
F9,295379.1548918262
F4,3817.06838945642
F1,668.3215052961802
F8,593.9874053530065
F5,466.93769940940285
F6,390.2771646630682
F7,87.73683537279601
F3,9.572204839434866
F2,5.528277963604124
