{
  "RandomForest": {
    "MSE": 115.60194516739398,
    "RMSE": 10.751834502418365,
    "MAE": 3.3839203991291615,
    "R2": 0.9992303756836112,
    "CV_R2_mean": 0.9990341340760915,
    "CV_R2_std": 0.0002268112037966327,
    "CV_MAE_mean": 3.6888483532294236,
    "CV_RMSE_mean": 11.944074012021208
  },
  "HistGBR": {
    "MSE": 46.508077439480125,
    "RMSE": 6.8196830893730045,
    "MAE": 2.9168878438210837,
    "R2": 0.9996903707177757,
    "CV_R2_mean": 0.9993971436757214,
    "CV_R2_std": 0.0002070085633312741,
    "CV_MAE_mean": 3.4402195682832497,
    "CV_RMSE_mean": 9.381605544848986
  },
  "MLP": {
    "MSE": 58.861014676222254,
    "RMSE": 7.672093239541752,
    "MAE": 2.8643742346052186,
    "R2": 0.9996081305715354
  }
}