feature,importance
F9,295330.87366260774
F4,3699.8077263649407
F1,658.9993237996762
F8,645.0591446275946
F5,453.5101467446968
F6,371.3385904818444
F7,69.49050237536564
F3,7.912782057614912
F2,6.5661473818270455
