feature,importance
F9,295402.5200241246
F4,3727.0002377164406
F8,680.6956370622214
F1,660.1106041996179
F5,474.5691583279382
F6,407.88322582955607
F7,87.74177519119579
F2,10.178791917457138
F3,9.64191823575332
